{
  "precision": 0.03333333333333333,
  "recall": 0.07692307692307693,
  "ndcg": 0.25595802455385747
}