{
  "precision": 0.043478260869565216,
  "recall": 0.2857142857142857,
  "ndcg": 0.332617423050762
}