{
  "precision": 0.014925373134328358,
  "recall": 0.06666666666666667,
  "ndcg": 0.2656391968881823
}