{
  "precision": 0.047619047619047616,
  "recall": 0.4444444444444444,
  "ndcg": 0.33740900048750117
}