{
  "precision": 0.022727272727272728,
  "recall": 0.15384615384615385,
  "ndcg": 0.21358739600734922
}