{
  "precision": 0.018018018018018018,
  "recall": 0.4,
  "ndcg": 0.41443699929923306
}