{
  "precision": 0.00819672131147541,
  "recall": 0.02127659574468085,
  "ndcg": 0.1842888329644173
}