{
  "precision": 0.02185792349726776,
  "recall": 0.21052631578947367,
  "ndcg": 0.2917412777056067
}